window	log2FC	pvalue	qvalue	significant
chr1:565376:SIRT6-T1	1.4048	6.977e-171	1.395e-168	yes
chr2:744250:SIRT6-T2	1.2699	1.814e-144	2.591e-143	yes
chr3:128388000:SIRT6-T3	1.2532	4.991e-138	5.546e-137	yes
chr5:17786000:SIRT6-T4	1.2339	1.033e-139	1.216e-138	yes
chr6:28456000:SIRT6-T5	1.3441	6.737e-158	1.347e-156	yes
chr7:130838000:SIRT6-T6	1.3453	4.545e-161	1.010e-159	yes
chr10:27088000:SIRT6-T7	1.2902	2.116e-147	3.526e-146	yes
chr11:65562000:SIRT6-T8	1.3815	6.537e-168	5.104e-166	yes
chr12:56817000:SIRT6-T9	1.2656	6.980e-146	1.074e-144	yes
chr13:45396000:SIRT6-T10	1.3509	4.770e-165	1.908e-163	yes
chr15:66190000:SIRT6-T11	1.2675	4.345e-142	5.431e-141	yes
chr17:47834000:SIRT6-T12	1.3854	7.656e-168	5.104e-166	yes
chr19:47800000:SIRT6-T13	1.2306	2.277e-137	2.277e-136	yes
chr22:19668000:SIRT6-T14	1.3495	1.263e-164	3.608e-163	yes
chr1:20608000:SIRT6-T15	1.3109	4.391e-154	7.984e-153	yes
chr2:47610000:SIRT6-T16	1.2875	2.899e-144	3.865e-143	yes
chr3:98188000:SIRT6-T17	1.3675	1.109e-164	3.608e-163	yes
chr5:78320000:SIRT6-T18	1.3779	4.316e-165	1.908e-163	yes
chr6:33124000:SIRT6-T19	1.2458	9.804e-138	1.032e-136	yes
chr7:11756000:SIRT6-T20	1.3632	7.001e-162	1.750e-160	yes
chr20:47839660:DECOY0	-0.2020	9.990e-01	1.000e+00	no
chr18:64330064:DECOY1	-0.2648	1.000e+00	1.000e+00	no
chr19:21099175:DECOY2	-0.2848	1.000e+00	1.000e+00	no
chr22:7098094:DECOY3	-0.2898	1.000e+00	1.000e+00	no
chr5:85329480:DECOY4	-0.3947	1.000e+00	1.000e+00	no
chr4:17152434:DECOY5	-0.2775	1.000e+00	1.000e+00	no
chr2:55476945:DECOY6	-0.1958	9.986e-01	1.000e+00	no
chr6:2963516:DECOY7	-0.3535	1.000e+00	1.000e+00	no
chr20:84453188:DECOY8	-0.2046	9.992e-01	1.000e+00	no
chr10:108055579:DECOY9	-0.1675	9.949e-01	1.000e+00	no
chr11:74815013:DECOY10	-0.2434	9.999e-01	1.000e+00	no
chr2:106744154:DECOY11	-0.2268	9.998e-01	1.000e+00	no
chr21:17325218:DECOY12	-0.3167	1.000e+00	1.000e+00	no
chr19:73507566:DECOY13	-0.1408	9.867e-01	1.000e+00	no
chr15:102279692:DECOY14	-0.2117	9.996e-01	1.000e+00	no
chr19:100111289:DECOY15	-0.2654	1.000e+00	1.000e+00	no
chr13:65071271:DECOY16	-0.2467	9.999e-01	1.000e+00	no
chr22:30184707:DECOY17	-0.3046	1.000e+00	1.000e+00	no
chr2:41286974:DECOY18	-0.2241	9.998e-01	1.000e+00	no
chr8:37720475:DECOY19	-0.3201	1.000e+00	1.000e+00	no
chr6:2558800:DECOY20	-0.2910	1.000e+00	1.000e+00	no
chr3:72130485:DECOY21	-0.2921	1.000e+00	1.000e+00	no
chr9:5330643:DECOY22	-0.1833	9.980e-01	1.000e+00	no
chr1:107524554:DECOY23	-0.4422	1.000e+00	1.000e+00	no
chr15:10754840:DECOY24	-0.2718	1.000e+00	1.000e+00	no
chr11:17382950:DECOY25	-0.3054	1.000e+00	1.000e+00	no
chr22:26155446:DECOY26	-0.2847	1.000e+00	1.000e+00	no
chr8:41657262:DECOY27	-0.3179	1.000e+00	1.000e+00	no
chr4:2184804:DECOY28	-0.3512	1.000e+00	1.000e+00	no
chr3:97494656:DECOY29	-0.1908	9.980e-01	1.000e+00	no
chr11:19986878:DECOY30	-0.1412	9.832e-01	1.000e+00	no
chr3:53102777:DECOY31	-0.2925	1.000e+00	1.000e+00	no
chr16:1587923:DECOY32	-0.3183	1.000e+00	1.000e+00	no
chr3:53896438:DECOY33	-0.3467	1.000e+00	1.000e+00	no
chr13:14050390:DECOY34	-0.0891	9.184e-01	1.000e+00	no
chr12:93057029:DECOY35	-0.2272	9.998e-01	1.000e+00	no
chr2:115754405:DECOY36	-0.3327	1.000e+00	1.000e+00	no
chr2:52262747:DECOY37	-0.3023	1.000e+00	1.000e+00	no
chr21:79653053:DECOY38	-0.2290	9.998e-01	1.000e+00	no
chr3:90532707:DECOY39	-0.2328	9.998e-01	1.000e+00	no
chr21:86628161:DECOY40	-0.2333	9.998e-01	1.000e+00	no
chr3:41949043:DECOY41	-0.1528	9.918e-01	1.000e+00	no
chr2:71611068:DECOY42	-0.1467	9.882e-01	1.000e+00	no
chr15:11867419:DECOY43	-0.2045	9.992e-01	1.000e+00	no
chr3:108387480:DECOY44	-0.3408	1.000e+00	1.000e+00	no
chr22:64425629:DECOY45	-0.0942	9.299e-01	1.000e+00	no
chr8:35602307:DECOY46	-0.2941	1.000e+00	1.000e+00	no
chr18:94399768:DECOY47	-0.1997	9.990e-01	1.000e+00	no
chr5:105684321:DECOY48	-0.3276	1.000e+00	1.000e+00	no
chr1:26067950:DECOY49	-0.2644	1.000e+00	1.000e+00	no
chr6:48180569:DECOY50	-0.2485	9.999e-01	1.000e+00	no
chr18:106476272:DECOY51	-0.1788	9.972e-01	1.000e+00	no
chr14:36624826:DECOY52	-0.1649	9.948e-01	1.000e+00	no
chr8:62094037:DECOY53	-0.3132	1.000e+00	1.000e+00	no
chr22:92143035:DECOY54	-0.2506	1.000e+00	1.000e+00	no
chr12:80763446:DECOY55	-0.2956	1.000e+00	1.000e+00	no
chr12:20167939:DECOY56	-0.3139	1.000e+00	1.000e+00	no
chr12:38523590:DECOY57	-0.3044	1.000e+00	1.000e+00	no
chr2:101400363:DECOY58	-0.3427	1.000e+00	1.000e+00	no
chr16:78113893:DECOY59	-0.3844	1.000e+00	1.000e+00	no
chr17:23334722:DECOY60	-0.2054	9.994e-01	1.000e+00	no
chr2:115620249:DECOY61	-0.4417	1.000e+00	1.000e+00	no
chr16:71770635:DECOY62	-0.0901	9.248e-01	1.000e+00	no
chr1:104933922:DECOY63	-0.3227	1.000e+00	1.000e+00	no
chr4:23686046:DECOY64	-0.3554	1.000e+00	1.000e+00	no
chr11:110021073:DECOY65	-0.3501	1.000e+00	1.000e+00	no
chr6:26174957:DECOY66	-0.3222	1.000e+00	1.000e+00	no
chr4:93876385:DECOY67	-0.2998	1.000e+00	1.000e+00	no
chr18:44042925:DECOY68	-0.1946	9.988e-01	1.000e+00	no
chr2:50449849:DECOY69	-0.1668	9.948e-01	1.000e+00	no
chr7:18129541:DECOY70	-0.1987	9.989e-01	1.000e+00	no
chr5:28426536:DECOY71	-0.2983	1.000e+00	1.000e+00	no
chr4:73927312:DECOY72	-0.3661	1.000e+00	1.000e+00	no
chr4:10217200:DECOY73	-0.2965	1.000e+00	1.000e+00	no
chr16:19698521:DECOY74	-0.0591	8.278e-01	1.000e+00	no
chr12:63622720:DECOY75	-0.2419	9.999e-01	1.000e+00	no
chr3:3186113:DECOY76	-0.1930	9.985e-01	1.000e+00	no
chr21:28709929:DECOY77	-0.3035	1.000e+00	1.000e+00	no
chr22:112294612:DECOY78	-0.1273	9.793e-01	1.000e+00	no
chr5:17746064:DECOY79	-0.3463	1.000e+00	1.000e+00	no
chr11:16936227:DECOY80	-0.4358	1.000e+00	1.000e+00	no
chr2:50744707:DECOY81	-0.3618	1.000e+00	1.000e+00	no
chr1:102027180:DECOY82	-0.1821	9.973e-01	1.000e+00	no
chr8:41822138:DECOY83	-0.1526	9.919e-01	1.000e+00	no
chr3:83206212:DECOY84	-0.2849	1.000e+00	1.000e+00	no
chr1:109831896:DECOY85	-0.3718	1.000e+00	1.000e+00	no
chr17:39349168:DECOY86	-0.2935	1.000e+00	1.000e+00	no
chr21:25153467:DECOY87	-0.3090	1.000e+00	1.000e+00	no
chr12:14560857:DECOY88	-0.2789	1.000e+00	1.000e+00	no
chr18:67235007:DECOY89	-0.3126	1.000e+00	1.000e+00	no
chr15:102028727:DECOY90	-0.2912	1.000e+00	1.000e+00	no
chr1:34514862:DECOY91	-0.3816	1.000e+00	1.000e+00	no
chr11:68822603:DECOY92	-0.2650	1.000e+00	1.000e+00	no
chr12:105168753:DECOY93	-0.3909	1.000e+00	1.000e+00	no
chr7:49952339:DECOY94	-0.2369	9.999e-01	1.000e+00	no
chr1:43457234:DECOY95	-0.2449	9.999e-01	1.000e+00	no
chr18:96233659:DECOY96	-0.2804	1.000e+00	1.000e+00	no
chr14:108279731:DECOY97	-0.3920	1.000e+00	1.000e+00	no
chr10:26555207:DECOY98	-0.3031	1.000e+00	1.000e+00	no
chr6:32902598:DECOY99	-0.2414	9.999e-01	1.000e+00	no
chr2:39119565:DECOY100	-0.1888	9.986e-01	1.000e+00	no
chr8:54129956:DECOY101	-0.2049	9.992e-01	1.000e+00	no
chr17:94462303:DECOY102	-0.2975	1.000e+00	1.000e+00	no
chr6:39676619:DECOY103	-0.2276	9.998e-01	1.000e+00	no
chr13:76674425:DECOY104	-0.4431	1.000e+00	1.000e+00	no
chr22:49216369:DECOY105	-0.2684	1.000e+00	1.000e+00	no
chr12:28433875:DECOY106	-0.4060	1.000e+00	1.000e+00	no
chr15:5815860:DECOY107	-0.1171	9.655e-01	1.000e+00	no
chr10:7398385:DECOY108	-0.0845	9.077e-01	1.000e+00	no
chr4:35654561:DECOY109	-0.3959	1.000e+00	1.000e+00	no
chr2:104995215:DECOY110	-0.3817	1.000e+00	1.000e+00	no
chr10:54602176:DECOY111	-0.2446	9.999e-01	1.000e+00	no
chr22:23580381:DECOY112	-0.2121	9.994e-01	1.000e+00	no
chr18:107327235:DECOY113	-0.2848	1.000e+00	1.000e+00	no
chr12:93495938:DECOY114	-0.2546	1.000e+00	1.000e+00	no
chr18:18392444:DECOY115	-0.2072	9.993e-01	1.000e+00	no
chr10:16374229:DECOY116	-0.1826	9.976e-01	1.000e+00	no
chr12:9179097:DECOY117	-0.2757	1.000e+00	1.000e+00	no
chr4:62245375:DECOY118	-0.3423	1.000e+00	1.000e+00	no
chr19:113181128:DECOY119	-0.2276	9.998e-01	1.000e+00	no
chr10:101304049:DECOY120	-0.2862	1.000e+00	1.000e+00	no
chr2:19240681:DECOY121	-0.1912	9.983e-01	1.000e+00	no
chr18:17608616:DECOY122	-0.1556	9.921e-01	1.000e+00	no
chr22:79691022:DECOY123	-0.2984	1.000e+00	1.000e+00	no
chr5:5117629:DECOY124	-0.2974	1.000e+00	1.000e+00	no
chr7:27130806:DECOY125	-0.3218	1.000e+00	1.000e+00	no
chr14:62169756:DECOY126	-0.3975	1.000e+00	1.000e+00	no
chr7:70082914:DECOY127	-0.3331	1.000e+00	1.000e+00	no
chr10:112951264:DECOY128	-0.1471	9.885e-01	1.000e+00	no
chr22:88260112:DECOY129	-0.2773	1.000e+00	1.000e+00	no
chr2:38595767:DECOY130	-0.2009	9.993e-01	1.000e+00	no
chr4:45374804:DECOY131	-0.2649	1.000e+00	1.000e+00	no
chr14:108387208:DECOY132	-0.2522	9.999e-01	1.000e+00	no
chr8:15991115:DECOY133	-0.4629	1.000e+00	1.000e+00	no
chr18:17149280:DECOY134	-0.1376	9.849e-01	1.000e+00	no
chr15:112158995:DECOY135	-0.3616	1.000e+00	1.000e+00	no
chr20:44597603:DECOY136	-0.1725	9.959e-01	1.000e+00	no
chr1:17360947:DECOY137	-0.1949	9.987e-01	1.000e+00	no
chr1:92842808:DECOY138	-0.3959	1.000e+00	1.000e+00	no
chr5:57917137:DECOY139	-0.3416	1.000e+00	1.000e+00	no
chr4:35397361:DECOY140	-0.1501	9.905e-01	1.000e+00	no
chr6:108618735:DECOY141	-0.2099	9.993e-01	1.000e+00	no
chr15:91393022:DECOY142	-0.2173	9.996e-01	1.000e+00	no
chr9:40972437:DECOY143	-0.2259	9.998e-01	1.000e+00	no
chr5:36571180:DECOY144	-0.1894	9.983e-01	1.000e+00	no
chr4:63086262:DECOY145	-0.1994	9.991e-01	1.000e+00	no
chr17:101822405:DECOY146	-0.3046	1.000e+00	1.000e+00	no
chr19:18864448:DECOY147	-0.4196	1.000e+00	1.000e+00	no
chr22:75201644:DECOY148	-0.1779	9.971e-01	1.000e+00	no
chr4:80819625:DECOY149	-0.2139	9.995e-01	1.000e+00	no
chr5:33322496:DECOY150	-0.3084	1.000e+00	1.000e+00	no
chr20:91054000:DECOY151	-0.4425	1.000e+00	1.000e+00	no
chr20:43899312:DECOY152	-0.1779	9.973e-01	1.000e+00	no
chr11:68826545:DECOY153	-0.1237	9.755e-01	1.000e+00	no
chr22:46216212:DECOY154	-0.2513	1.000e+00	1.000e+00	no
chr12:79365506:DECOY155	-0.3372	1.000e+00	1.000e+00	no
chr8:4268482:DECOY156	-0.4172	1.000e+00	1.000e+00	no
chr13:54032775:DECOY157	-0.1042	9.469e-01	1.000e+00	no
chr18:35005774:DECOY158	-0.4590	1.000e+00	1.000e+00	no
chr20:79579469:DECOY159	-0.3467	1.000e+00	1.000e+00	no
chr21:69455850:DECOY160	-0.1477	9.902e-01	1.000e+00	no
chr5:30074604:DECOY161	-0.1088	9.555e-01	1.000e+00	no
chr21:60705475:DECOY162	-0.1998	9.990e-01	1.000e+00	no
chr9:111854993:DECOY163	-0.2221	9.996e-01	1.000e+00	no
chr22:113240206:DECOY164	-0.2696	1.000e+00	1.000e+00	no
chr6:112585937:DECOY165	-0.1161	9.633e-01	1.000e+00	no
chr11:111053806:DECOY166	-0.2294	9.997e-01	1.000e+00	no
chr18:70789288:DECOY167	-0.3805	1.000e+00	1.000e+00	no
chr5:51748784:DECOY168	-0.1526	9.919e-01	1.000e+00	no
chr5:17578072:DECOY169	-0.3278	1.000e+00	1.000e+00	no
chr9:54800703:DECOY170	-0.2114	9.995e-01	1.000e+00	no
chr7:46660566:DECOY171	-0.1335	9.767e-01	1.000e+00	no
chr16:48283718:DECOY172	-0.1536	9.919e-01	1.000e+00	no
chr16:117699669:DECOY173	-0.3761	1.000e+00	1.000e+00	no
chr6:112206251:DECOY174	-0.1291	9.760e-01	1.000e+00	no
chr5:22734745:DECOY175	-0.3043	1.000e+00	1.000e+00	no
chr7:84524230:DECOY176	-0.4401	1.000e+00	1.000e+00	no
chr9:25691979:DECOY177	-0.4131	1.000e+00	1.000e+00	no
chr2:85189696:DECOY178	-0.3682	1.000e+00	1.000e+00	no
chr21:70282679:DECOY179	-0.4076	1.000e+00	1.000e+00	no
